# Video ID, Activity ID, Actor ID, Activity or Object Type, Frame Number, XMin, YMin, XMax, YMax, Labeled
000,0,None,vehicle turning right,1024,1492,487,1664,588,True
000,0,None,vehicle turning right,1250,1835,207,1900,252,True
001,1,None,vehicle turning right,1024,1407,264,1485,339,True
001,1,None,vehicle turning right,1190,1821,201,1895,253,True
002,2,None,vehicle turning left,1024,1102,340,1252,401,True
002,2,None,vehicle turning left,1200,1474,486,1639,584,True
003,3,None,vehicle turning left,1024,1121,190,1197,234,True
003,3,None,vehicle turning left,1256,1768,211,1888,256,True
004,4,None,vehicle turning left,1024,1760,742,1901,806,True
004,4,None,vehicle turning left,1216,1409,266,1487,339,True
005,5,None,vehicle turning right,1024,1136,753,1393,879,True
005,5,None,vehicle turning right,1120,961,682,1072,745,True
006,6,None,vehicle turning right,1024,870,737,992,850,True
006,6,None,vehicle turning right,1102,600,830,760,941,True
007,7,None,vehicle turning right,1024,921,679,1003,715,True
007,7,None,vehicle turning right,1195,599,812,666,928,True
008,8,None,carrying (small),510,1163,925,1200,962,True
008,8,None,carrying (small),642,1377,866,1393,947,True
009,9,None,vehicle turning left,1024,887,708,973,802,True
009,9,None,vehicle turning left,1117,1044,799,1265,908,True
010,10,None,vehicle turning right,1024,600,782,770,903,True
010,10,None,vehicle turning right,1183,978,629,1077,684,True
011,11,None,vehicle turning right,1024,1019,632,1115,660,True
011,11,None,vehicle turning right,1114,1010,633,1093,727,True
012,12,None,vehicle turning right,1024,1228,734,1404,839,True
012,12,None,vehicle turning right,1159,992,633,1062,664,True
013,13,None,vehicle turning left,1024,1014,637,1096,728,True
013,13,None,vehicle turning left,1165,1331,761,1405,845,True
014,14,None,vehicle turning right,1024,356,334,435,421,True
014,14,None,vehicle turning right,1126,450,450,545,504,True
015,15,None,vehicle turning right,1024,541,613,754,711,True
015,15,None,vehicle turning right,1165,798,883,952,1099,True
016,16,None,vehicle turning right,1024,690,643,887,735,True
016,16,None,vehicle turning right,1126,740,808,890,962,True
017,17,None,vehicle turning right,1024,605,631,800,732,True
017,17,None,vehicle turning right,1135,730,798,867,968,True
018,18,None,vehicle turning right,1024,78,97,143,158,True
018,18,None,vehicle turning right,1105,95,137,210,212,True
019,19,None,vehicle turning right,1024,68,176,218,245,True
019,19,None,vehicle turning right,1117,300,146,393,207,True
020,20,None,vehicle turning right,1024,5,207,133,257,True
020,20,None,vehicle turning right,1111,342,152,391,207,True
021,21,None,vehicle turning right,1024,70,277,103,328,True
021,21,None,vehicle turning right,1135,330,279,392,329,True
022,22,None,vehicle turning right,1024,66,110,138,178,True
022,22,None,vehicle turning right,1210,352,152,391,210,True
023,23,None,vehicle turning right,1024,26,91,108,151,True
023,23,None,vehicle turning right,1075,5,104,42,156,True
024,24,None,vehicle turning right,1024,3,155,177,275,True
024,24,None,vehicle turning right,1105,133,120,388,232,True
025,25,None,vehicle turning left,1024,1042,641,1253,751,True
025,25,None,vehicle turning left,1138,720,826,912,1025,True
026,26,None,vehicle turning left,1024,423,418,512,509,True
026,26,None,vehicle turning left,1057,442,426,566,529,True
027,27,None,vehicle turning left,1024,517,463,623,499,True
027,27,None,vehicle turning left,1111,360,322,443,409,True
028,28,None,vehicle turning left,1024,466,618,665,705,True
028,28,None,vehicle turning left,1099,679,643,878,732,True
029,29,None,vehicle turning left,1024,484,468,636,552,True
029,29,None,vehicle turning left,1081,360,512,456,573,True
030,30,None,vehicle turning left,1024,124,157,204,212,True
030,30,None,vehicle turning left,1078,4,183,50,238,True
031,31,None,vehicle turning left,1024,238,148,382,201,True
031,31,None,vehicle turning left,1132,2,197,60,249,True
032,32,None,vehicle turning left,1024,2,193,47,242,True
032,32,None,vehicle turning left,1141,299,307,390,330,True
033,33,None,vehicle turning left,1024,122,179,192,210,True
033,33,None,vehicle turning left,1087,1,183,54,235,True
034,34,None,vehicle turning left,1024,141,177,201,218,True
034,34,None,vehicle turning left,1084,2,200,53,241,True
035,35,None,vehicle turning left,1024,50,115,135,185,True
035,35,None,vehicle turning left,1174,296,161,395,216,True
036,36,None,vehicle turning left,1024,50,102,132,185,True
036,36,None,vehicle turning left,1129,293,151,392,216,True
037,37,None,vehicle turning left,1024,335,130,389,197,True
037,37,None,vehicle turning left,1096,52,147,222,226,True
038,38,None,vehicle turning left,1024,46,100,107,158,True
038,38,None,vehicle turning left,1177,347,155,393,216,True
039,39,None,vehicle turning left,1024,107,179,190,212,True
039,39,None,vehicle turning left,1099,3,136,85,233,True
040,40,None,vehicle turning left,1024,83,112,152,177,True
040,40,None,vehicle turning left,1075,137,135,253,203,True
041,41,None,vehicle turning right,1024,601,427,691,465,True
041,41,None,vehicle turning right,1110,529,594,546,671,True
042,42,None,vehicle turning right,1024,549,576,782,713,True
042,42,None,vehicle turning right,1092,958,511,1023,623,True
043,43,None,vehicle turning right,1024,528,677,613,766,True
043,43,None,vehicle turning right,1124,991,575,1023,648,True
044,44,None,vehicle turning right,1024,528,705,563,766,True
044,44,None,vehicle turning right,1144,992,588,1022,651,True
045,45,None,vehicle turning right,1024,527,630,635,740,True
045,45,None,vehicle turning right,1118,837,532,1024,665,True
046,46,None,vehicle turning right,1024,542,427,629,453,True
046,46,None,vehicle turning right,1098,528,538,559,628,True
047,47,None,vehicle turning right,1024,528,583,699,696,True
047,47,None,vehicle turning right,1100,1002,550,1021,604,True
048,48,None,vehicle turning left,1024,843,533,1027,661,True
048,48,None,vehicle turning left,1158,613,427,696,442,True
049,49,None,vehicle turning left,1024,897,623,991,695,True
049,49,None,vehicle turning left,1152,1305,716,1398,813,True
050,50,None,vehicle turning right,699,1396,215,1469,270,True
050,50,None,vehicle turning right,876,1870,201,1911,250,True
051,51,None,vehicle turning right,1024,1199,360,1326,466,True
051,51,None,vehicle turning right,1072,1071,439,1146,527,True
052,52,None,vehicle turning right,1024,1497,491,1666,598,True
052,52,None,vehicle turning right,1282,1843,207,1911,252,True
053,53,None,vehicle turning right,1024,1454,217,1530,272,True
053,53,None,vehicle turning right,1081,1579,202,1690,250,True
054,54,None,vehicle turning right,1024,1106,325,1268,403,True
054,54,None,vehicle turning right,1189,1831,663,1917,774,True
055,55,None,vehicle turning right,1024,1397,254,1464,311,True
055,55,None,vehicle turning right,1156,1840,210,1912,251,True
056,56,None,vehicle turning right,1024,1463,408,1627,555,True
056,56,None,vehicle turning right,1165,1508,478,1677,582,True
057,57,None,vehicle turning right,1024,1358,284,1441,346,True
057,57,None,vehicle turning right,1027,1354,278,1437,341,True
058,58,None,vehicle turning right,1024,1800,188,1912,250,True
058,58,None,vehicle turning right,1084,1072,186,1143,215,True
059,59,None,vehicle turning right,1024,1411,224,1481,274,True
059,59,None,vehicle turning right,1081,1542,206,1659,252,True
060,60,None,vehicle turning right,1024,1436,267,1506,329,True
060,60,None,vehicle turning right,1027,1434,261,1503,326,True
061,61,None,vehicle turning right,1024,1157,215,1259,270,True
061,61,None,vehicle turning right,1258,1070,462,1145,540,True
062,62,None,vehicle turning right,1024,1502,456,1645,548,True
062,62,None,vehicle turning right,1036,1767,753,1912,826,True
063,63,None,vehicle turning right,1024,1384,378,1488,456,True
063,63,None,vehicle turning right,1267,1729,208,1864,254,True
064,64,None,vehicle turning right,1024,1395,233,1465,291,True
064,64,None,vehicle turning right,1156,1841,203,1907,253,True
065,65,None,vehicle turning right,1024,1868,208,1908,257,True
065,65,None,vehicle turning right,1141,1854,186,1911,249,True
066,66,None,vehicle turning right,1024,1080,323,1242,410,True
066,66,None,vehicle turning right,1204,1566,505,1733,605,True
067,67,None,vehicle turning right,1024,1708,747,1834,830,True
067,67,None,vehicle turning right,1075,1285,249,1372,309,True
068,68,None,vehicle turning right,1024,1205,377,1322,467,True
068,68,None,vehicle turning right,1072,1071,467,1145,547,True
069,69,None,vehicle turning right,1024,1409,229,1474,285,True
069,69,None,vehicle turning right,1072,1539,202,1645,253,True
070,70,None,vehicle u-turn,1024,1123,447,1304,542,True
070,70,None,vehicle u-turn,1045,1384,312,1476,376,True
071,71,None,vehicle turning left,261,1071,325,1096,371,True
071,71,None,vehicle turning left,696,1395,218,1469,273,True
072,72,None,vehicle turning left,1024,1439,187,1557,235,True
072,72,None,vehicle turning left,1234,1211,353,1332,460,True
073,73,None,vehicle turning left,1024,1745,753,1897,841,True
073,73,None,vehicle turning left,1228,1394,260,1464,314,True
074,74,None,vehicle turning left,1024,1635,734,1799,826,True
074,74,None,vehicle turning left,1201,1396,270,1459,323,True
075,75,None,vehicle turning left,1024,1358,285,1435,348,True
075,75,None,vehicle turning left,1048,1104,336,1244,417,True
076,76,None,vehicle turning left,1024,1715,742,1859,827,True
076,76,None,vehicle turning left,1147,1763,748,1902,827,True
077,77,None,vehicle turning left,1024,1383,275,1458,331,True
077,77,None,vehicle turning left,1063,1851,777,1890,823,True
078,78,None,vehicle turning left,1024,1764,731,1908,827,True
078,78,None,vehicle turning left,1219,1365,278,1449,339,True
079,79,None,vehicle turning left,1024,1596,727,1868,826,True
079,79,None,vehicle turning left,1171,1467,418,1636,564,True
080,80,None,vehicle turning left,1024,1588,193,1710,241,True
080,80,None,vehicle turning left,1081,1449,426,1580,516,True
081,81,None,vehicle turning left,1024,1224,363,1339,464,True
081,81,None,vehicle turning left,1027,1216,369,1333,471,True
082,82,None,vehicle turning left,1024,1069,184,1162,220,True
082,82,None,vehicle turning left,1048,1073,458,1137,546,True
083,83,None,vehicle turning left,1024,1100,342,1260,404,True
083,83,None,vehicle turning left,1228,1113,185,1156,220,True
084,84,None,vehicle turning left,1024,1496,195,1612,236,True
084,84,None,vehicle turning left,1276,1794,689,1912,805,True
085,85,None,vehicle turning left,1024,1441,185,1585,237,True
085,85,None,vehicle turning left,1297,1759,595,1915,801,True
086,86,None,vehicle turning left,1024,1503,197,1611,246,True
086,86,None,vehicle turning left,1291,1184,374,1308,469,True
087,87,None,vehicle turning left,1024,1387,294,1475,369,True
087,87,None,vehicle turning left,1129,1426,236,1489,296,True
088,88,None,vehicle turning left,1024,1779,755,1912,828,True
088,88,None,vehicle turning left,1180,1386,384,1492,462,True
089,89,None,vehicle turning left,1024,1093,325,1251,393,True
089,89,None,vehicle turning left,1153,1389,235,1460,293,True
090,90,None,vehicle turning left,1024,1720,729,1857,827,True
090,90,None,vehicle turning left,1213,1628,723,1844,839,True
091,91,None,vehicle turning left,1024,1414,246,1477,297,True
091,91,None,vehicle turning left,1027,1416,245,1478,294,True
092,92,None,vehicle turning left,1024,1401,245,1479,339,True
092,92,None,vehicle turning left,1027,1400,239,1478,334,True
093,93,None,vehicle turning left,1024,1275,246,1364,305,True
093,93,None,vehicle turning left,1105,1071,186,1122,220,True
094,94,None,vehicle turning left,1024,1465,204,1585,252,True
094,94,None,vehicle turning left,1093,1527,191,1638,241,True
095,95,None,vehicle turning left,1024,1366,229,1441,282,True
095,95,None,vehicle turning left,1114,1314,211,1385,272,True
096,96,None,vehicle turning left,1024,1267,390,1425,472,True
096,96,None,vehicle turning left,1066,1072,331,1196,407,True
097,97,None,vehicle turning left,1024,1559,200,1662,248,True
097,97,None,vehicle turning left,1150,1209,357,1322,456,True
098,98,None,vehicle turning right,1024,681,877,838,981,True
098,98,None,vehicle turning right,1069,617,871,747,913,True
099,99,None,vehicle turning right,1024,654,872,829,976,True
099,99,None,vehicle turning right,1144,374,872,485,910,True
100,100,None,vehicle turning right,1024,688,873,829,990,True
100,100,None,vehicle turning right,1153,596,872,733,914,True
101,101,None,vehicle turning right,1024,691,881,832,963,True
101,101,None,vehicle turning right,1057,477,872,590,985,True
102,102,None,vehicle turning right,1024,642,872,745,903,True
102,102,None,vehicle turning right,1051,753,940,829,1042,True
103,103,None,vehicle turning right,1024,374,867,652,944,True
103,103,None,vehicle turning right,1102,431,872,786,994,True
104,104,None,vehicle turning right,1024,516,872,650,998,True
104,104,None,vehicle turning right,1096,770,964,829,1062,True
105,105,None,vehicle turning right,1024,507,872,634,975,True
105,105,None,vehicle turning right,1126,372,969,479,1073,True
106,106,None,vehicle turning right,1024,738,898,834,979,True
106,106,None,vehicle turning right,1102,595,871,738,917,True
107,107,None,vehicle turning right,816,567,480,613,516,True
107,107,None,vehicle turning right,957,493,498,527,514,True
108,108,None,vehicle turning right,1024,522,480,568,515,True
108,108,None,vehicle turning right,1204,629,460,651,479,True
109,109,None,vehicle turning right,1024,546,478,595,517,True
109,109,None,vehicle turning right,1189,598,463,650,479,True
110,110,None,vehicle turning right,1024,573,470,616,502,True
110,110,None,vehicle turning right,1144,494,484,533,515,True
111,111,None,vehicle turning right,1024,593,462,646,484,True
111,111,None,vehicle turning right,1072,635,460,650,476,True
112,112,None,vehicle turning right,1024,580,494,626,515,True
112,112,None,vehicle turning right,1204,607,460,651,480,True
113,113,None,vehicle turning right,1024,536,498,582,515,True
113,113,None,vehicle turning right,1090,544,482,589,515,True
114,114,None,vehicle turning right,1024,536,485,591,514,True
114,114,None,vehicle turning right,1120,493,493,520,514,True
115,115,None,vehicle turning right,1024,570,482,617,515,True
115,115,None,vehicle turning right,1171,622,477,658,504,True
116,116,None,vehicle turning right,1024,496,472,563,506,True
116,116,None,vehicle turning right,1195,602,461,653,478,True
117,117,None,vehicle turning right,1024,601,462,663,499,True
117,117,None,vehicle turning right,1291,520,464,603,502,True
118,118,None,vehicle turning right,1024,578,462,637,483,True
118,118,None,vehicle turning right,1318,571,503,625,521,True
119,119,None,vehicle turning right,1024,502,477,558,508,True
119,119,None,vehicle turning right,1231,531,476,607,507,True
120,120,None,carrying (small),1024,481,871,540,921,True
120,120,None,carrying (small),1051,510,871,553,900,True
121,121,None,carrying (small),1024,517,461,532,483,True
121,121,None,carrying (small),1309,590,474,607,507,True
122,122,None,carrying (small),1024,626,491,644,517,True
122,122,None,carrying (small),1084,637,497,656,516,True
123,123,None,vehicle turning left,1024,581,872,718,929,True
123,123,None,vehicle turning left,1114,797,892,834,971,True
124,124,None,vehicle turning left,1024,554,871,668,946,True
124,124,None,vehicle turning left,1093,724,903,829,1007,True
125,125,None,vehicle turning left,1024,373,947,550,1072,True
125,125,None,vehicle turning left,1099,551,871,674,941,True
126,126,None,vehicle turning left,1024,592,871,716,958,True
126,126,None,vehicle turning left,1099,750,899,836,995,True
127,127,None,vehicle turning left,1024,374,959,639,1071,True
127,127,None,vehicle turning left,1081,594,874,703,945,True
128,128,None,vehicle turning left,1024,438,871,792,996,True
128,128,None,vehicle turning left,1123,575,870,832,977,True
129,129,None,vehicle turning left,1024,603,871,707,910,True
129,129,None,vehicle turning left,1096,736,872,829,976,True
130,130,None,vehicle turning left,699,550,460,592,492,True
130,130,None,vehicle turning left,813,565,482,611,518,True
131,131,None,vehicle turning left,1024,554,462,605,492,True
131,131,None,vehicle turning left,1105,547,488,593,516,True
132,132,None,vehicle turning left,1024,580,461,640,486,True
132,132,None,vehicle turning left,1213,515,497,573,518,True
133,133,None,vehicle turning left,1024,602,461,650,477,True
133,133,None,vehicle turning left,1162,573,468,617,500,True
134,134,None,vehicle turning left,1024,570,505,625,516,True
134,134,None,vehicle turning left,1111,493,498,543,517,True
135,135,None,vehicle turning left,1024,573,481,623,515,True
135,135,None,vehicle turning left,1165,493,473,542,509,True
136,136,None,vehicle turning left,1024,608,462,649,482,True
136,136,None,vehicle turning left,1501,524,490,597,514,True
137,137,None,vehicle turning left,1024,520,492,601,517,True
137,137,None,vehicle turning left,1036,521,493,594,514,True
138,138,None,vehicle turning left,1024,494,475,572,511,True
138,138,None,vehicle turning left,1156,501,474,571,510,True
139,139,None,vehicle turning left,1024,529,462,608,501,True
139,139,None,vehicle turning left,1132,599,461,643,484,True
140,140,None,vehicle turning left,1024,552,483,605,516,True
140,140,None,vehicle turning left,1078,555,499,593,515,True
141,141,None,vehicle turning left,1024,533,477,606,507,True
141,141,None,vehicle turning left,1165,536,499,579,517,True
142,142,None,vehicle turning left,1024,1520,798,1676,845,True
142,142,None,vehicle turning left,1132,1850,800,1900,873,True
143,143,None,vehicle turning left,1024,1611,798,1825,846,True
143,143,None,vehicle turning left,1093,1842,797,1901,838,True
144,144,None,vehicle turning left,1024,1543,797,1660,829,True
144,144,None,vehicle turning left,1156,1827,796,1901,869,True
145,145,None,vehicle turning left,1024,1483,836,1684,958,True
145,145,None,vehicle turning left,1120,1505,797,1627,841,True
146,146,None,vehicle turning left,1024,566,807,705,916,True
146,146,None,vehicle turning left,1102,582,711,683,772,True
147,147,None,vehicle turning left,1024,422,943,534,1014,True
147,147,None,vehicle turning left,1156,545,712,591,730,True
148,148,None,vehicle turning left,1024,890,830,918,889,True
148,148,None,vehicle turning left,1152,422,961,449,1015,True
149,149,None,vehicle turning right,579,131,620,197,662,True
149,149,None,vehicle turning right,684,67,667,147,718,True
150,150,None,vehicle turning right,1024,145,606,241,639,True
150,150,None,vehicle turning right,1048,217,752,371,817,True
151,151,None,vehicle turning right,1024,41,597,88,632,True
151,151,None,vehicle turning right,1126,137,784,231,863,True
152,152,None,vehicle turning right,1024,74,707,161,766,True
152,152,None,vehicle turning right,1144,102,600,196,637,True
153,153,None,vehicle turning right,1024,39,592,81,627,True
153,153,None,vehicle turning right,1108,332,620,383,646,True
154,154,None,vehicle turning right,1024,143,635,222,676,True
154,154,None,vehicle turning right,1093,341,614,400,643,True
155,155,None,vehicle turning right,1024,224,615,310,655,True
155,155,None,vehicle turning right,1063,337,607,387,640,True
156,156,None,vehicle turning right,1024,253,626,311,659,True
156,156,None,vehicle turning right,1069,337,614,388,642,True
157,157,None,vehicle turning right,1024,259,617,328,651,True
157,157,None,vehicle turning right,1060,343,609,384,643,True
158,158,None,vehicle turning right,1024,62,674,161,735,True
158,158,None,vehicle turning right,1060,114,649,205,703,True
159,159,None,vehicle turning right,1024,250,611,349,658,True
159,159,None,vehicle turning right,1069,336,604,381,637,True
160,160,None,vehicle turning right,1024,88,696,174,755,True
160,160,None,vehicle turning right,1093,126,646,208,697,True
161,161,None,vehicle turning right,1024,341,609,390,635,True
161,161,None,vehicle turning right,1027,53,717,128,768,True
162,162,None,vehicle turning right,1024,149,632,217,669,True
162,162,None,vehicle turning right,1147,341,607,385,638,True
163,163,None,vehicle turning right,1024,118,611,190,653,True
163,163,None,vehicle turning right,1108,107,628,177,673,True
164,164,None,vehicle turning right,1024,102,695,184,749,True
164,164,None,vehicle turning right,1093,116,658,181,705,True
165,165,None,vehicle turning right,1024,256,618,322,655,True
165,165,None,vehicle turning right,1078,343,611,380,637,True
166,166,None,vehicle turning right,1024,198,621,278,659,True
166,166,None,vehicle turning right,1078,325,613,376,641,True
167,167,None,vehicle turning right,1024,210,611,297,656,True
167,167,None,vehicle turning right,1093,316,601,382,639,True
168,168,None,vehicle turning right,1024,234,627,298,661,True
168,168,None,vehicle turning right,1084,325,612,376,639,True
169,169,None,vehicle turning right,1024,215,624,279,664,True
169,169,None,vehicle turning right,1102,334,607,384,640,True
170,170,None,vehicle turning right,1024,84,716,158,769,True
170,170,None,vehicle turning right,1117,159,645,216,680,True
171,171,None,vehicle turning right,1024,92,691,165,744,True
171,171,None,vehicle turning right,1117,152,636,207,674,True
172,172,None,vehicle turning right,1024,83,641,204,689,True
172,172,None,vehicle turning right,1204,325,605,380,637,True
173,173,None,vehicle turning right,1024,59,706,130,760,True
173,173,None,vehicle turning right,1093,343,606,383,638,True
174,174,None,vehicle turning right,1024,190,630,285,674,True
174,174,None,vehicle turning right,1168,328,604,380,642,True
175,175,None,vehicle turning right,1024,91,687,162,746,True
175,175,None,vehicle turning right,1078,116,648,187,701,True
176,176,None,vehicle turning right,1024,211,624,284,659,True
176,176,None,vehicle turning right,1078,335,612,385,640,True
177,177,None,vehicle turning right,1024,268,619,327,651,True
177,177,None,vehicle turning right,1060,110,754,260,817,True
178,178,None,vehicle turning right,1024,336,610,383,642,True
178,178,None,vehicle turning right,1069,40,758,108,817,True
179,179,None,vehicle turning right,1024,93,716,191,782,True
179,179,None,vehicle turning right,1129,116,651,189,702,True
180,180,None,vehicle turning right,1024,98,709,184,763,True
180,180,None,vehicle turning right,1078,130,663,205,708,True
181,181,None,vehicle turning right,1024,264,611,336,651,True
181,181,None,vehicle turning right,1060,334,606,388,637,True
182,182,None,vehicle turning right,1024,264,609,329,653,True
182,182,None,vehicle turning right,1111,350,595,392,628,True
183,183,None,vehicle turning right,1024,90,707,172,768,True
183,183,None,vehicle turning right,1090,147,644,219,695,True
184,184,None,vehicle turning right,1024,69,696,155,755,True
184,184,None,vehicle turning right,1108,115,644,190,695,True
185,185,None,vehicle turning right,1024,240,613,312,654,True
185,185,None,vehicle turning right,1057,42,709,138,765,True
186,186,None,vehicle turning right,1024,347,600,380,631,True
186,186,None,vehicle turning right,1030,32,706,58,749,True
187,187,None,vehicle turning right,1024,62,679,151,735,True
187,187,None,vehicle turning right,1063,128,651,205,698,True
188,188,None,vehicle turning right,1024,286,607,360,647,True
188,188,None,vehicle turning right,1051,345,607,383,632,True
189,189,None,vehicle turning right,1024,102,695,184,752,True
189,189,None,vehicle turning right,1123,101,351,174,397,True
190,190,None,vehicle turning right,1024,162,650,223,687,True
190,190,None,vehicle turning right,1060,214,632,273,665,True
191,191,None,vehicle turning right,1024,346,612,399,640,True
191,191,None,vehicle turning right,1039,39,642,91,678,True
192,192,None,vehicle turning right,1024,54,686,132,738,True
192,192,None,vehicle turning right,1093,156,643,223,686,True
193,193,None,vehicle turning right,1024,234,618,301,654,True
193,193,None,vehicle turning right,1084,353,609,398,636,True
194,194,None,vehicle turning right,1024,39,379,109,420,True
194,194,None,vehicle turning right,1078,154,647,217,683,True
195,195,None,vehicle turning right,1024,211,629,269,661,True
195,195,None,vehicle turning right,1105,349,611,397,645,True
196,196,None,vehicle turning right,1024,89,701,168,752,True
196,196,None,vehicle turning right,1132,209,642,271,679,True
197,197,None,vehicle turning right,1024,261,619,327,649,True
197,197,None,vehicle turning right,1081,339,611,400,641,True
198,198,None,vehicle turning right,1024,104,670,175,718,True
198,198,None,vehicle turning right,1129,192,633,247,671,True
199,199,None,vehicle turning right,1024,255,618,327,663,True
199,199,None,vehicle turning right,1231,1056,613,1126,651,True
200,200,None,vehicle turning right,1024,1069,623,1123,653,True
200,200,None,vehicle turning right,1168,39,679,104,731,True
201,201,None,vehicle turning right,1024,191,616,236,660,True
201,201,None,vehicle turning right,1027,186,623,240,663,True
202,202,None,vehicle turning right,1024,128,651,203,698,True
202,202,None,vehicle turning right,1093,569,799,726,885,True
203,203,None,vehicle turning right,1024,93,709,170,761,True
203,203,None,vehicle turning right,1036,494,832,621,904,True
204,204,None,vehicle turning right,1024,460,852,568,927,True
204,204,None,vehicle turning right,1039,460,850,568,927,True
205,205,None,vehicle turning right,1024,316,618,375,642,True
205,205,None,vehicle turning right,1198,42,710,89,759,True
206,206,None,vehicle turning right,1024,65,709,137,761,True
206,206,None,vehicle turning right,1204,327,615,383,642,True
207,207,None,vehicle turning right,1024,226,625,292,661,True
207,207,None,vehicle turning right,1081,340,611,387,645,True
208,208,None,vehicle turning right,1024,208,627,286,661,True
208,208,None,vehicle turning right,1084,324,614,383,642,True
209,209,None,vehicle turning right,1024,94,724,171,776,True
209,209,None,vehicle turning right,1219,336,615,386,642,True
210,210,None,vehicle turning right,1024,148,649,222,696,True
210,210,None,vehicle turning right,1147,315,612,373,642,True
211,211,None,vehicle turning right,1024,59,693,135,749,True
211,211,None,vehicle turning right,1120,158,635,226,678,True
212,212,None,vehicle turning right,1024,165,635,233,682,True
212,212,None,vehicle turning right,1045,194,628,249,669,True
213,213,None,vehicle turning right,1024,329,614,384,640,True
213,213,None,vehicle turning right,1096,335,607,384,641,True
214,214,None,vehicle turning right,1024,199,622,281,659,True
214,214,None,vehicle turning right,1078,329,609,385,643,True
215,215,None,vehicle turning right,1024,55,703,125,752,True
215,215,None,vehicle turning right,1126,163,632,226,671,True
216,216,None,vehicle turning right,1024,224,623,298,656,True
216,216,None,vehicle turning right,1069,320,614,387,641,True
217,217,None,vehicle turning right,1024,238,618,310,659,True
217,217,None,vehicle turning right,1060,333,609,384,641,True
218,218,None,carrying (small),1024,100,1201,173,1320,True
218,218,None,carrying (small),1162,385,1316,443,1381,True
219,219,None,carrying (small),1024,173,1325,231,1379,True
219,219,None,carrying (small),1141,69,691,151,736,True
220,220,None,carrying (small),1024,655,808,688,881,True
220,220,None,carrying (small),1039,578,808,728,885,True
221,221,None,vehicle turning left,687,65,668,147,720,True
221,221,None,vehicle turning left,966,1388,1313,1627,1393,True
222,222,None,vehicle turning left,1024,102,778,221,846,True
222,222,None,vehicle turning left,1081,34,770,99,838,True
223,223,None,vehicle turning left,1024,173,636,237,673,True
223,223,None,vehicle turning left,1066,95,720,178,771,True
224,224,None,vehicle turning left,1024,73,604,148,638,True
224,224,None,vehicle turning left,1093,162,642,226,676,True
225,225,None,vehicle turning left,1024,188,631,237,665,True
225,225,None,vehicle turning left,1087,88,607,157,640,True
226,226,None,vehicle turning left,1024,144,632,197,666,True
226,226,None,vehicle turning left,1123,75,604,136,638,True
227,227,None,vehicle turning left,1024,41,740,121,801,True
227,227,None,vehicle turning left,1078,34,709,128,779,True
228,228,None,vehicle turning left,1024,34,740,111,801,True
228,228,None,vehicle turning left,1027,250,611,339,649,True
229,229,None,vehicle turning left,1024,39,655,100,709,True
229,229,None,vehicle turning left,1105,41,691,99,752,True
230,230,None,vehicle turning left,1024,158,616,214,660,True
230,230,None,vehicle turning left,1072,172,625,223,665,True
231,231,None,vehicle turning left,1024,98,602,178,646,True
231,231,None,vehicle turning left,1096,91,602,163,644,True
232,232,None,vehicle turning left,1024,280,600,372,637,True
232,232,None,vehicle turning left,1120,151,615,223,662,True
233,233,None,vehicle turning left,1024,40,655,114,711,True
233,233,None,vehicle turning left,1108,45,721,142,788,True
234,234,None,vehicle turning left,1024,280,305,341,334,True
234,234,None,vehicle turning left,1075,350,613,381,634,True
235,235,None,vehicle turning left,1024,183,632,240,667,True
235,235,None,vehicle turning left,1108,65,600,138,633,True
236,236,None,vehicle turning left,1024,175,636,223,670,True
236,236,None,vehicle turning left,1105,71,603,137,635,True
237,237,None,vehicle turning left,1024,175,624,219,659,True
237,237,None,vehicle turning left,1099,67,597,130,631,True
238,238,None,vehicle turning left,1024,257,604,336,633,True
238,238,None,vehicle turning left,1111,183,617,237,650,True
239,239,None,vehicle turning left,1024,177,622,244,657,True
239,239,None,vehicle turning left,1093,333,611,383,641,True
240,240,None,vehicle turning left,1024,149,630,206,674,True
240,240,None,vehicle turning left,1105,57,598,134,635,True
241,241,None,vehicle turning left,1024,92,770,231,852,True
241,241,None,vehicle turning left,1057,41,768,90,834,True
242,242,None,vehicle turning left,1024,291,595,384,644,True
242,242,None,vehicle turning left,1069,191,612,282,655,True
243,243,None,vehicle turning left,1024,156,628,215,672,True
243,243,None,vehicle turning left,1090,100,606,168,646,True
244,244,None,vehicle turning left,1024,320,606,392,636,True
244,244,None,vehicle turning left,1210,165,616,230,653,True
245,245,None,vehicle turning left,1024,107,632,179,677,True
245,245,None,vehicle turning left,1054,81,635,158,682,True
246,246,None,vehicle turning left,1024,175,630,233,675,True
246,246,None,vehicle turning left,1078,123,604,196,648,True
247,247,None,vehicle turning left,1024,179,625,235,667,True
247,247,None,vehicle turning left,1078,95,599,167,639,True
248,248,None,vehicle turning left,1024,319,600,383,633,True
248,248,None,vehicle turning left,1090,219,608,293,648,True
249,249,None,vehicle turning left,1024,141,331,212,371,True
249,249,None,vehicle turning left,1147,125,606,199,644,True
250,250,None,vehicle turning left,1024,141,335,205,377,True
250,250,None,vehicle turning left,1159,89,685,162,727,True
251,251,None,vehicle turning left,1024,298,606,378,638,True
251,251,None,vehicle turning left,1027,67,596,138,630,True
252,252,None,vehicle turning left,1024,171,618,241,657,True
252,252,None,vehicle turning left,1081,54,634,154,677,True
253,253,None,vehicle turning left,1024,170,637,235,679,True
253,253,None,vehicle turning left,1135,71,595,138,629,True
254,254,None,vehicle turning left,1024,257,595,355,637,True
254,254,None,vehicle turning left,1084,84,586,173,624,True
255,255,None,vehicle turning left,1024,234,632,282,665,True
255,255,None,vehicle turning left,1138,67,597,138,627,True
256,256,None,vehicle turning left,1024,199,628,248,667,True
256,256,None,vehicle turning left,1150,72,602,142,637,True
257,257,None,vehicle turning left,1024,308,598,386,638,True
257,257,None,vehicle turning left,1120,175,618,237,656,True
258,258,None,vehicle turning left,1024,229,600,325,637,True
258,258,None,vehicle turning left,1162,145,619,208,665,True
259,259,None,vehicle turning left,1024,57,598,135,637,True
259,259,None,vehicle turning left,1324,86,698,156,752,True
260,260,None,vehicle turning left,1024,96,600,165,639,True
260,260,None,vehicle turning left,1081,176,651,240,690,True
261,261,None,vehicle turning left,1024,172,628,227,663,True
261,261,None,vehicle turning left,1087,74,602,149,641,True
262,262,None,opening door,1024,571,810,726,887,True
262,262,None,opening door,1060,578,810,725,887,True
263,263,None,opening door,1024,573,796,723,887,True
263,263,None,opening door,1048,571,796,726,885,True
264,264,None,texting on phone,1024,239,618,307,657,True
264,264,None,texting on phone,1069,319,609,387,644,True
265,265,None,entering,1024,574,810,726,884,True
265,265,None,entering,1063,577,811,724,885,True
266,266,None,closing door,1024,575,812,730,887,True
266,266,None,closing door,1033,568,806,722,883,True
267,267,None,closing door,1024,575,815,729,887,True
267,267,None,closing door,1099,42,595,115,635,True
268,268,None,closing door,1024,574,816,724,883,True
268,268,None,closing door,1159,1074,620,1128,657,True
269,269,None,vehicle turning right,1024,848,622,963,725,True
269,269,None,vehicle turning right,1129,648,724,695,810,True
270,270,None,vehicle turning right,1024,941,580,1042,644,True
270,270,None,vehicle turning right,1213,646,651,718,812,True
271,271,None,vehicle turning right,1024,1200,659,1374,769,True
271,271,None,vehicle turning right,1096,999,579,1081,624,True
272,272,None,vehicle turning right,1024,941,581,1037,669,True
272,272,None,vehicle turning right,1141,648,691,760,812,True
273,273,None,vehicle turning right,1024,915,580,1018,672,True
273,273,None,vehicle turning right,1150,1256,650,1373,791,True
274,274,None,vehicle turning right,1024,1131,659,1353,753,True
274,274,None,vehicle turning right,1099,827,587,965,713,True
275,275,None,vehicle turning right,1024,1018,581,1099,629,True
275,275,None,vehicle turning right,1054,647,679,768,804,True
276,276,None,vehicle turning left,1024,914,581,1001,665,True
276,276,None,vehicle turning left,1111,1309,694,1371,791,True
277,277,None,vehicle turning left,1024,932,582,1034,689,True
277,277,None,vehicle turning left,1120,1290,687,1369,785,True
278,278,None,texting on phone,1024,1333,668,1369,745,True
278,278,None,texting on phone,1033,1320,665,1362,742,True
279,279,None,texting on phone,1024,647,688,691,769,True
279,279,None,texting on phone,1033,646,697,668,768,True
280,280,None,vehicle turning right,1024,457,480,549,535,True
280,280,None,vehicle turning right,1112,385,623,425,730,True
281,281,None,vehicle turning right,1024,420,479,479,498,True
281,281,None,vehicle turning right,1138,385,637,401,697,True
282,282,None,vehicle turning right,1024,425,479,506,515,True
282,282,None,vehicle turning right,1122,385,622,415,706,True
283,283,None,vehicle turning left,1024,715,588,887,695,True
283,283,None,vehicle turning left,1096,387,697,403,763,True
284,284,None,vehicle turning left,1024,386,729,435,817,True
284,284,None,vehicle turning left,1188,513,476,588,498,True
285,285,None,vehicle turning left,1024,794,642,884,731,True
285,285,None,vehicle turning left,1124,386,768,411,825,True
286,286,None,vehicle turning left,1024,852,644,888,696,True
286,286,None,vehicle turning left,1104,386,702,418,809,True
287,287,None,vehicle turning right,1024,361,332,536,432,True
287,287,None,vehicle turning right,1117,441,418,558,562,True
288,288,None,vehicle turning right,1024,480,398,628,537,True
288,288,None,vehicle turning right,1111,360,471,441,577,True
289,289,None,vehicle turning right,1024,327,157,394,210,True
289,289,None,vehicle turning right,1153,27,188,176,250,True
290,290,None,vehicle turning right,1024,312,166,394,217,True
290,290,None,vehicle turning right,1177,191,193,217,241,True
291,291,None,carrying (small),1024,60,87,84,134,True
291,291,None,carrying (small),1216,2,114,25,166,True
292,292,None,vehicle turning left,1024,621,391,735,499,True
292,292,None,vehicle turning left,1159,360,319,525,377,True
293,293,None,vehicle turning left,1024,664,320,790,409,True
293,293,None,vehicle turning left,1099,510,369,663,498,True
294,294,None,vehicle turning left,1024,731,361,790,437,True
294,294,None,vehicle turning left,1084,448,510,591,577,True
295,295,None,vehicle turning left,1024,352,163,389,207,True
295,295,None,vehicle turning left,1162,46,170,210,241,True
296,296,None,vehicle turning left,1024,37,115,99,169,True
296,296,None,vehicle turning left,1207,349,146,394,199,True
297,297,None,vehicle turning left,1024,124,113,174,160,True
297,297,None,vehicle turning left,1144,348,158,388,207,True
298,298,None,vehicle turning left,1024,119,110,198,177,True
298,298,None,vehicle turning left,1048,93,257,124,317,True
299,299,None,vehicle turning left,1024,0,173,83,235,True
299,299,None,vehicle turning left,1093,2,130,37,183,True
300,300,None,talking on phone,1024,641,369,787,467,True
300,300,None,talking on phone,1048,518,424,688,544,True
301,301,None,talking on phone,1024,657,364,790,459,True
301,301,None,talking on phone,1054,508,433,673,561,True
302,302,None,talking on phone,1024,625,384,733,492,True
302,302,None,talking on phone,1114,453,318,622,395,True
303,303,None,texting on phone,1024,360,319,443,382,True
303,303,None,texting on phone,1150,362,318,493,421,True
304,304,None,texting on phone,1024,360,324,467,414,True
304,304,None,texting on phone,1114,467,383,576,515,True
305,305,None,vehicle turning right,1024,515,514,585,533,True
305,305,None,vehicle turning right,1146,392,661,407,714,True
306,306,None,vehicle turning right,1024,421,514,509,562,True
306,306,None,vehicle turning right,1074,394,572,464,686,True
307,307,None,vehicle turning right,1024,426,513,504,545,True
307,307,None,vehicle turning right,1104,393,609,411,674,True
308,308,None,vehicle turning right,1024,483,513,569,550,True
308,308,None,vehicle turning right,1114,394,632,454,724,True
309,309,None,vehicle turning right,1024,465,514,545,571,True
309,309,None,vehicle turning right,1084,394,646,413,722,True
310,310,None,vehicle turning right,1024,453,513,533,548,True
310,310,None,vehicle turning right,1160,393,638,407,693,True
311,311,None,vehicle turning right,1024,464,514,545,582,True
311,311,None,vehicle turning right,1060,394,560,507,677,True
312,312,None,vehicle turning right,1024,453,514,536,583,True
312,312,None,vehicle turning right,1082,392,656,408,725,True
313,313,None,vehicle turning right,1024,475,514,553,536,True
313,313,None,vehicle turning right,1092,389,623,414,704,True
314,314,None,vehicle turning right,1024,456,514,534,531,True
314,314,None,vehicle turning right,1144,436,569,557,700,True
315,315,None,vehicle turning left,1024,806,592,869,656,True
315,315,None,vehicle turning left,1186,392,641,418,736,True
316,316,None,vehicle turning left,1024,394,745,563,830,True
316,316,None,vehicle turning left,1174,600,513,703,566,True
317,317,None,vehicle turning left,1024,685,617,866,727,True
317,317,None,vehicle turning left,1078,394,673,486,798,True
318,318,None,vehicle turning left,1024,829,656,866,716,True
318,318,None,vehicle turning left,1098,393,728,421,806,True
319,319,None,vehicle turning left,1024,758,624,866,708,True
319,319,None,vehicle turning left,1098,394,655,522,760,True
320,320,None,vehicle turning left,1024,394,708,525,822,True
320,320,None,vehicle turning left,1136,477,512,545,531,True
